,Nombre jugador,Equipo actual,edad,pais,Valoración actual,Progresión,precio,Valoración equipo actual,Mejor valoración,Ataque,Regate,Aceleración,Potencia tiro,Agresividad,Defensa,Portería
0,gaston-alvarez,getafe-cf,21,Uruguay,70,80,3300000,76,72,54,47,62,35,65,67,10
1,abdessamad-ezzalzouli,fc-barcelona,19,Morocco,70,83,3800000,83,70,59,80,84,65,34,25,7
2,alberto-moleiro-gonzalez,union-deportiva-las-palmas,17,Spain,70,82,3600000,70,72,59,72,79,70,60,40,6
3,rodrigo-muniz-carvalho,fulham,20,Brazil,70,81,3500000,74,72,46,67,71,75,64,30,12
4,vitor-manuel-carvalho-oliveira,sc-braga,21,Portugal,70,81,3600000,74,72,58,71,73,73,74,19,5
5,nicola-zalewski,roma,19,Poland,70,84,3800000,79,71,64,74,79,72,54,53,10
6,alejandro-cantero-sanchez,levante-union-deportiva,21,Spain,70,80,3600000,76,73,68,76,79,68,47,21,12
7,cristian-medina,boca-juniors,19,Argentina,70,82,3800000,75,72,60,71,70,57,69,64,8
8,kevin-schade,sport-club-freiburg,19,Germany,70,83,3800000,75,71,66,72,93,63,41,17,13
9,arnau-martinez-lopez,girona-fc,18,Spain,70,82,3500000,72,70,67,64,76,56,66,68,10
10,alan-varela,boca-juniors,19,Argentina,70,83,3600000,75,71,57,62,71,55,62,66,8
11,alexis-duarte,club-cerro-porteno,21,Paraguay,70,80,3300000,69,72,31,44,64,45,75,74,14
12,martin-vitik,ac-sparta-praha,18,Czech Republic,70,81,3100000,74,72,31,54,65,60,71,68,15
13,hugo-siquet,sport-club-freiburg,18,Belgium,70,84,3500000,75,71,80,67,77,70,67,60,11
14,saidou-sow,as-saint-etienne,18,Guinea,70,81,3100000,73,72,43,59,62,49,66,69,10
15,nathan-santos-de-araujo,boavista-fc,19,Brazil,70,81,3300000,70,70,61,74,84,41,69,63,8
16,luiz-lucio-reis-junior,futebol-clube-de-famalicao,20,Brazil,70,81,3000000,70,70,13,10,29,49,24,6,70
17,afonso-gamelas-sousa,belenenses-sad,21,Portugal,70,81,3600000,68,73,59,75,77,75,58,52,5
18,erik-lira,cruz-azul,21,Mexico,70,80,3400000,73,72,50,66,76,71,72,58,11
19,timothee-pembele,fc-girondins-de-bordeaux,18,France,70,81,3200000,73,70,66,69,84,58,59,63,11
20,tyrhys-dolan,blackburn-rovers,19,England,70,81,3400000,71,71,67,74,85,60,54,40,5
21,aaron-molinas,boca-juniors,20,Argentina,70,81,3500000,75,72,69,72,76,60,46,38,9
22,mohamed-ali-cho,angers-sco,17,France,70,85,3700000,73,72,61,81,85,70,33,23,9
23,carlos-alcaraz,racing-club,18,Argentina,70,83,3700000,73,72,56,80,87,71,76,45,12
24,fabricio-diaz,liverpool-futbol-club,18,Uruguay,70,83,3500000,65,72,41,70,72,71,58,66,6
25,samuel-almeida-costa,union-deportiva-almeria,20,Portugal,70,81,3300000,73,71,55,66,68,78,73,70,6
26,marcos-paulo-costa-do-nascimento,futebol-clube-de-famalicao,20,Portugal,70,82,3800000,70,71,72,70,72,69,40,45,6
27,javier-martinez-calvo,ca-osasuna,21,Spain,70,80,3600000,76,72,42,72,67,59,66,52,13
28,reinier-jesus-carvalho,borussia-dortmund,19,Brazil,70,81,3400000,81,72,58,78,74,71,60,42,13
29,tommy-st-jago,fc-utrecht,21,Netherlands,70,80,3300000,70,72,44,52,77,57,71,69,10
30,facundo-pellistri,deportivo-alaves,19,Uruguay,70,86,4099999,75,71,67,74,78,68,42,35,9
31,fabio-daniel-soares-silva,wolverhampton-wanderers,18,Portugal,70,83,3700000,78,72,45,73,72,72,54,22,6
32,lucas-queiroz-canteiro,portimonense-sc,20,Brazil,70,81,3500000,70,73,77,72,79,67,42,39,6
33,quinten-timber,fc-utrecht,20,Netherlands,70,83,3800000,70,72,59,75,77,68,62,60,5
34,luis-vazquez,boca-juniors,20,Argentina,70,81,3500000,75,72,52,65,69,70,55,26,12
35,milan-van-ewijk,sc-heerenveen,20,Netherlands,70,80,3300000,67,70,68,64,85,49,66,64,11
36,tanguy-coulibaly,vfb-stuttgart,20,France,70,80,3500000,74,71,67,81,81,61,63,48,8
37,josip-stanisic,fc-bayern-munchen,21,Croatia,70,80,3400000,84,70,63,59,68,45,67,70,11
38,min-kyu-song,jeonbuk-hyundai-motors,21,Korea Republic,70,81,3600000,70,72,63,71,84,72,63,21,11
39,sebastiano-esposito,fc-basel-1893,18,Italy,70,87,4000000,71,72,70,75,71,72,45,24,15
40,julian-araujo,la-galaxy,19,Mexico,70,80,3300000,68,70,65,67,79,50,80,63,14
41,jeremy-ngakia,watford,20,England,70,81,3300000,74,70,60,67,74,24,63,67,13
42,alexandro-bernabei,club-atletico-lanus,20,Argentina,70,80,3300000,71,73,73,74,86,71,76,55,13
43,noah-katterbach,fc-basel-1893,20,Germany,70,80,3300000,71,71,63,74,74,46,59,68,12
44,lucas-beltran,club-atletico-colon,20,Argentina,70,80,3500000,73,72,49,72,77,70,64,19,6
45,roberto-lopez-alcaide,real-sociedad-b,21,Spain,70,80,3600000,66,73,63,73,57,69,35,15,13
46,ethan-laird,afc-bournemouth,19,England,70,82,3600000,73,70,68,73,86,63,72,63,9
47,sam-mccallum,queens-park-rangers,20,England,70,80,3300000,71,70,67,69,80,61,67,63,9
48,ignacio-aliseda,fc-lugano,21,Argentina,70,80,3600000,67,71,60,76,87,66,49,39,11
49,victor-mollejo-carpintero,cd-tenerife,20,Spain,70,81,3500000,70,71,69,67,82,62,60,24,14
50,victor-gomez-perea,malaga-cf,21,Spain,70,80,3400000,69,71,73,66,78,65,65,65,11
51,cole-bassett,feyenoord,19,United States,70,80,3400000,75,72,55,68,71,60,60,60,14
52,giorgi-tsitaishvili,wisla-krakow,20,Georgia,70,82,3800000,65,71,59,80,90,53,29,32,9
53,pol-lozano-vizuete,girona-fc,21,Spain,70,80,3400000,72,72,55,68,74,73,75,65,8
54,james-garner,nottingham-forest,20,England,70,82,3600000,71,71,66,62,68,68,69,64,10
55,keane-lewis-potter,hull-city,20,England,70,80,3500000,68,71,64,69,84,65,42,36,9
56,felix-agu,sv-werder-bremen,21,Germany,70,81,3400000,72,71,65,75,90,41,65,60,11
57,maarten-vandevoordt,krc-genk,19,Belgium,70,84,3300000,72,70,11,22,40,49,14,11,73
58,harisson-marcelin,as-monaco,21,France,70,80,3300000,77,72,24,49,54,59,69,70,15
59,abdessamad-ezzalzouli,fc-barcelona,19,Morocco,70,83,3800000,83,70,59,80,84,65,34,25,7
60,lucas-beltran,club-atletico-colon,20,Argentina,70,80,3500000,73,72,49,72,77,70,64,19,6
61,aaron-molinas,boca-juniors,20,Argentina,70,81,3500000,75,72,69,72,76,60,46,38,9
62,timothee-pembele,fc-girondins-de-bordeaux,18,France,70,81,3200000,73,70,66,69,84,58,59,63,11
63,alan-varela,boca-juniors,19,Argentina,70,83,3600000,75,71,57,62,71,55,62,66,8
64,erik-lira,cruz-azul,21,Mexico,70,80,3400000,73,72,50,66,76,71,72,58,11
65,yan-bueno-couto,sc-braga,19,Brazil,69,84,3300000,74,70,71,71,81,64,72,59,9
66,francisco-jorge-tavares-oliveira,wolverhampton-wanderers,21,Portugal,69,81,3400000,78,71,68,75,86,71,35,33,14
67,enzo-loiodice,union-deportiva-las-palmas,20,France,69,82,3200000,70,71,43,73,65,69,68,63,14
68,marko-bulat,dinamo-zagreb,19,Croatia,69,83,3300000,73,71,79,68,69,78,68,59,13
69,andres-martin-garcia,cd-tenerife,21,Spain,69,80,3200000,70,71,65,68,79,68,52,21,13
70,kaio-jorge-pinto-ramos,juventus,19,Brazil,69,82,3300000,82,71,44,76,76,65,48,24,14
71,ben-wilmot,stoke-city,21,England,69,80,2900000,70,71,28,61,58,59,68,71,13
72,talles-magno-bacelar-martins,new-york-city-fc,19,Brazil,69,83,3300000,70,70,60,76,84,68,38,20,8
73,federico-navarro,chicago-fire-football-club,21,Argentina,69,81,3200000,68,70,56,69,73,58,81,61,5
74,han-noah-massengo,bristol-city,19,France,69,81,3100000,69,70,56,72,72,59,65,64,8
75,santiago-naveda,club-america,20,Mexico,69,80,2900000,74,71,58,70,68,64,65,62,14
76,jakub-kaminski,lech-poznan,19,Poland,69,83,3300000,70,70,63,73,90,64,40,44,5
77,gokdeniz-bayrakdar,antalyaspor,19,Turkey,69,80,3000000,71,70,66,71,72,65,50,39,9
78,goncalo-esteves,sporting-cp,17,Portugal,69,85,3300000,79,69,67,71,75,43,60,62,13
79,finn-ole-becker,fc-st-pauli,21,Germany,69,80,3100000,69,71,53,75,80,58,52,50,8
80,konan-ndri,kas-eupen,20,Côte d'Ivoire,69,80,3100000,68,70,61,74,90,77,70,59,6
81,jay-gorter,ajax,21,Netherlands,69,83,3000000,79,69,21,23,51,48,35,19,70
82,xavi-simons,paris-saint-germain,18,Netherlands,69,81,3300000,85,72,62,72,75,66,72,44,9
83,strahinja-pavlovic,fc-basel-1893,20,Serbia,69,80,2900000,71,71,53,63,53,56,72,66,12
84,taylor-harwood-bellis,stoke-city,19,England,69,82,3100000,70,71,41,54,63,59,64,70,9
85,rhian-brewster,sheffield-united,21,England,69,80,3200000,73,71,50,72,79,71,51,14,7
86,chrislain-matsima,as-monaco,19,France,69,81,3100000,77,71,31,54,53,54,69,69,12
87,brian-rodriguez,los-angeles-fc,21,Uruguay,69,81,3400000,71,70,67,73,80,67,44,30,7
88,roberto-gonzalez-bayon,union-deportiva-las-palmas,20,Spain,69,81,3400000,70,71,67,72,79,66,51,20,13
89,berke-ozer,fenerbahce-sk,21,Turkey,69,80,2700000,75,69,15,12,24,51,29,18,68
90,andrea-cambiaso,genoa,21,Italy,69,80,3000000,73,69,69,69,72,60,61,65,13
91,gustav-isaksen,fc-midtjylland,20,Denmark,69,80,3100000,71,71,57,73,83,63,52,42,7
92,aguibou-camara,olympiacos-cfp,20,Guinea,69,80,3100000,76,72,60,75,83,65,54,38,11
93,alhassan-yusuf,royal-antwerp-fc,20,Nigeria,69,82,3300000,72,72,59,71,81,60,80,59,14
94,matthew-hoppe,rcd-mallorca,20,United States,69,80,3100000,74,71,36,68,78,72,41,22,14
95,gaston-avila,boca-juniors,19,Argentina,69,82,3100000,75,71,30,58,65,41,70,70,14
96,victor-kristiansen,fc-kobenhavn,18,Denmark,69,80,2800000,72,69,67,67,77,60,67,64,10
97,stipe-biuk,hajduk-split,18,Croatia,69,84,3200000,70,70,66,73,76,66,48,31,13
98,diego-valencia,universidad-catolica,21,Chile,69,80,3200000,70,71,59,70,71,69,56,31,13
99,mohamed-daramy,ajax,19,Denmark,69,81,3300000,79,70,59,74,86,62,57,25,9
100,largie-ramazani,union-deportiva-almeria,20,Belgium,69,83,3400000,73,70,64,74,85,66,62,30,7
101,ian-poveda,blackburn-rovers,21,England,69,80,3100000,71,70,65,76,84,52,39,35,7
102,youssoufa-moukoko,borussia-dortmund,16,Germany,69,89,3800000,81,71,41,78,82,65,43,29,13
103,borja-garces-moreno,cd-leganes,21,Spain,69,80,3200000,70,71,37,69,64,74,52,28,14
104,levi-colwill,huddersfield-town,18,England,69,84,3000000,70,71,51,60,70,45,67,66,15
105,anouar-ait-el-hadj,rsc-anderlecht,19,Belgium,69,83,3300000,72,72,63,76,78,66,62,46,6
106,miguel-baeza-perez,sd-ponferradina,21,Spain,69,80,3100000,69,71,70,72,66,63,49,41,7
107,raphael-onyedika,fc-midtjylland,20,Nigeria,69,81,3200000,71,70,51,62,73,57,72,63,9
108,paxton-pomykal,fc-dallas,21,United States,69,80,3100000,69,71,65,73,76,62,58,70,10
109,claudiu-petrila,cfr-cluj,20,Romania,69,81,3400000,69,70,67,70,86,64,55,36,5
110,micky-van-de-ven,vfl-wolfsburg,20,Netherlands,68,83,2700000,77,70,58,60,67,48,68,65,7
111,paulo-guilherme-goncalves-bernardo,sl-benfica,19,Portugal,68,83,2900000,78,70,56,73,74,71,64,47,11
112,joelson-augusto-mendes-mango,fc-basel-1893,18,Portugal,68,84,3100000,71,69,57,75,91,68,48,18,11
113,pablo-moreno-taboada,girona-fc,19,Spain,68,80,2900000,72,70,45,70,81,65,50,23,9
114,braian-ojeda,nottingham-forest,21,Paraguay,68,80,3000000,71,71,55,67,74,69,81,65,7
115,jairo-torres,chicago-fire-football-club,21,Mexico,68,80,3000000,68,70,60,70,84,68,55,30,12
116,crysencio-summerville,leeds-united,19,Netherlands,68,81,2900000,76,69,60,71,89,66,34,21,9
117,johann-lepenant,stade-malherbe-caen,18,France,68,82,2600000,68,69,52,63,66,53,68,64,6
118,lesley-ugochukwu,stade-rennais-fc,17,France,68,81,2700000,77,70,58,69,71,68,69,61,10
119,roberto-piccoli,genoa,20,Italy,68,80,2900000,73,70,42,59,59,66,62,23,14
120,kacper-kozlowski,royale-union-saint-gilloise,17,Poland,68,85,3000000,71,70,51,74,78,62,66,57,8
121,ivan-azon-monzon,real-zaragoza,18,Spain,68,81,2800000,70,70,35,64,65,67,72,34,6
122,anthony-rouault,toulouse-football-club,20,France,68,80,2700000,68,70,33,39,66,45,64,70,6
123,javier-lopez-carballo,deportivo-alaves,19,Spain,68,80,2700000,75,68,64,49,69,23,60,66,11
124,brandon-soppy,udinese-calcio,19,France,68,81,2700000,74,68,65,65,76,61,64,56,7
125,dishon-bernard,hull-city,20,England,68,80,2700000,68,70,33,54,66,48,69,66,8
126,jon-pacheco-dozagarat,real-sociedad,20,Spain,68,80,2700000,80,70,25,24,54,32,64,66,14
127,david-ayala,portland-timbers,18,Argentina,68,83,2600000,70,69,44,62,75,63,65,62,7
128,jofre-carreras-pages,rcd-espanyol-de-barcelona,20,Spain,68,80,2900000,77,69,65,75,83,73,55,30,10
129,jeremy-marquez,club-atlas,21,Mexico,68,81,3000000,71,71,50,73,75,67,67,71,14
130,amad-diallo,rangers-fc,18,Côte d'Ivoire,68,85,3100000,74,69,54,74,83,60,40,19,13
131,ian-maatsen,coventry-city,19,Netherlands,68,82,2700000,70,68,65,67,83,52,74,60,9
132,alejandro-balde-martinez,fc-barcelona,17,Spain,68,83,2600000,83,68,67,71,83,53,47,64,5
133,moises-ramirez,independiente-del-valle,20,Ecuador,68,80,2500000,69,68,13,9,35,47,20,11,70
134,riccardo-calafiori,genoa,19,Italy,68,80,2700000,73,68,72,66,68,72,66,61,9
135,nicolas-castro,newells-old-boys,20,Argentina,68,80,2900000,69,71,65,68,65,70,38,47,8
136,matias-arezo,granada-cf,18,Uruguay,68,82,2800000,77,70,54,70,76,74,59,28,8
137,ramon-terrats-espacio,girona-fc,20,Spain,68,80,2800000,72,69,50,60,55,63,65,64,8
138,ziga-laci,aek-athens,18,Slovenia,68,81,2600000,73,70,35,35,65,45,65,70,10
139,patrik-walemark,feyenoord,19,Sweden,68,81,2900000,75,70,61,71,74,68,50,31,8
140,robert-navarro-munoz,real-sociedad-b,19,Spain,68,81,2900000,66,70,42,71,78,58,57,24,11
141,jesper-daland,ksv-cercle-brugge,21,Norway,68,80,2800000,68,70,28,44,55,45,68,68,14
142,mile-svilar,sl-benfica,21,Serbia,68,80,2600000,78,68,18,19,60,47,28,12,70
143,jack-clarke,sunderland,20,England,68,80,2900000,66,69,66,73,76,59,45,22,9
144,edwin-mosquera,club-atletico-aldosivi,20,Colombia,68,80,2900000,68,69,71,68,82,62,29,17,9
145,benjamin-sesko,fc-red-bull-salzburg,18,Slovenia,68,82,2800000,73,70,55,68,71,69,62,42,10
146,matteo-cancellieri,hellas-verona,18,Italy,68,82,2800000,75,69,67,74,79,69,55,21,11
147,exequiel-zeballos,boca-juniors,19,Argentina,68,81,2900000,75,69,65,75,83,65,40,27,5
148,destiny-iyenoma-udogie,udinese-calcio,18,Italy,68,81,2700000,74,68,66,71,75,60,68,58,8
149,radu-dragusin,us-salernitana-1919,19,Romania,67,82,2300000,71,69,36,50,68,47,58,60,10
150,dario-sarmiento,girona-fc,18,Argentina,67,82,2400000,72,68,65,76,81,69,45,45,7
151,andre-fonseca-amaro,vitoria-de-guimaraes,18,Portugal,67,81,2200000,71,69,44,61,61,52,71,66,7
152,cade-cowell,san-jose-earthquakes,17,United States,67,82,2300000,68,68,50,70,85,68,63,30,9
153,julian-aude,club-atletico-lanus,18,Argentina,67,83,2500000,71,69,62,76,74,57,64,58,12
154,luca-oyen,krc-genk,18,Belgium,67,85,2600000,72,69,64,73,79,56,46,37,9
155,ellis-simms,heart-of-midlothian,20,England,67,80,2500000,68,69,45,64,75,68,63,19,13
156,leonidas-stergiou,fc-st-gallen-1879,19,Switzerland,67,84,2500000,66,69,36,38,63,49,63,70,7
157,cody-drameh,cardiff-city,19,England,67,80,2300000,69,67,64,64,82,42,64,57,13
158,ignace-van-der-brempt,fc-red-bull-salzburg,19,Belgium,67,81,2400000,73,70,66,70,77,60,73,55,5
159,akinkunmi-amoo,fc-kobenhavn,19,Nigeria,67,80,2400000,72,68,52,75,88,61,36,16,9
160,musa-juwara,bologna,19,Gambia,67,80,2400000,75,71,53,78,82,64,62,25,13
161,matias-palacios,fc-basel-1893,19,Argentina,67,83,2600000,71,69,68,70,71,62,41,47,12
162,nicolas-serrano-galdeano,athletic-club-de-bilbao,18,Spain,67,82,2400000,79,68,64,74,77,60,33,11,14
163,jarrad-branthwaite,everton,19,England,67,83,2500000,78,69,30,37,58,46,64,62,10
164,ilias-akhomach-chakkour,fc-barcelona,17,Spain,67,83,2500000,83,67,66,70,75,61,46,15,6
165,mattia-viti,empoli,19,Italy,67,80,2300000,72,69,35,31,68,56,64,67,13
166,jon-karrikaburu,real-sociedad-b,18,Spain,67,82,2400000,66,69,40,65,69,66,40,17,13
167,koba-lein-koindredi,valencia-cf,19,France,67,81,2400000,77,71,62,72,68,78,57,49,12
168,becir-omeragic,fc-zurich,19,Switzerland,67,83,2500000,68,69,50,50,72,42,68,64,13
169,konstantinos-tzolakis,olympiacos-cfp,18,Greece,67,81,2100000,76,67,10,12,47,46,27,7,68
170,alex-mighten,nottingham-forest,19,England,67,80,2400000,71,68,58,72,85,63,30,24,7
171,kastriot-imeri,servette-fc,21,Switzerland,67,82,2500000,68,69,58,69,72,73,65,53,13
172,sivert-mannsverk,molde-fk,19,Norway,67,80,2300000,67,68,58,66,69,58,60,64,13
173,tomas-romano-dos-santos-handel,vitoria-de-guimaraes,20,Portugal,67,82,2300000,71,68,60,70,74,59,60,67,6
174,dion-sanderson,queens-park-rangers,21,England,67,80,2400000,71,69,56,56,71,45,64,68,7
175,maximilian-beier,hannover-96,18,Germany,67,80,2400000,69,70,50,67,81,66,47,22,6
176,folarin-balogun,middlesbrough,19,England,67,82,2400000,70,69,40,67,79,66,49,18,10
177,eric-martel,fk-austria-wien,19,Germany,67,84,2500000,67,69,50,53,65,62,74,65,5
178,martin-baturina,dinamo-zagreb,18,Croatia,67,84,2600000,73,70,60,76,77,68,63,57,7
179,marin-ljubicic,hajduk-split,19,Croatia,67,81,2400000,70,69,43,57,73,72,66,24,7
180,yayah-kallon,genoa,20,Sierra Leone,67,83,2700000,73,68,50,76,81,70,51,18,7
181,sergio-camello-perez,cd-mirandes,20,Spain,67,80,2500000,67,69,37,68,68,64,40,24,13
182,matthis-abline,le-havre-ac,18,France,67,83,2600000,67,69,41,72,77,71,33,20,13
183,miguel-gutierrez-ortega,real-madrid-cf,19,Spain,67,82,2300000,84,67,66,65,76,63,55,62,14
184,omar-campos,santos-laguna,18,Mexico,67,83,2500000,71,68,64,70,80,60,45,65,10
185,quentin-merlin,fc-nantes,19,France,67,84,2500000,74,70,76,77,67,68,55,54,11
186,zeki-amdouni,fc-lausanne-sport,20,Switzerland,67,81,2500000,66,69,58,70,70,71,59,43,6
187,jesus-vazquez-alcalde,valencia-cf,18,Spain,67,82,2300000,77,67,68,59,70,62,59,63,15
188,arnau-tenas-urena,fc-barcelona,20,Spain,67,81,2100000,83,67,14,6,47,51,23,6,65
189,cole-palmer,manchester-city,19,England,67,85,2600000,85,68,59,71,76,69,50,48,7
190,teden-mengi,birmingham-city,19,England,66,82,2100000,69,68,42,57,74,54,66,64,11
191,edoardo-bove,roma,19,Italy,66,80,2000000,79,68,51,62,63,72,68,54,8
192,gaizka-ayesa-burgui,real-sociedad-b,20,Spain,66,80,1800000,66,66,13,5,27,46,16,5,68
193,tiago-filipe-oliveira-dantas,cd-tondela,20,Portugal,66,80,2100000,69,70,63,71,73,61,40,40,9
194,matchoi-bobo-djalo,fc-pacos-de-ferreira,18,Portugal,66,80,2000000,70,68,62,70,88,60,44,38,14
195,mateusz-bogusz,ud-ibiza,19,Poland,66,82,2200000,69,68,59,69,72,69,51,41,12
196,mehmet-can-aydin,fc-schalke-04,19,Germany,66,80,1900000,71,67,64,68,79,62,65,54,11
197,marco-kana,rsc-anderlecht,18,Belgium,66,80,1900000,72,68,57,64,69,38,63,63,9
198,santiago-munoz,newcastle-united,18,Mexico,66,80,2000000,77,69,58,69,76,59,40,21,5
199,francho-serrano-gracia,real-zaragoza,19,Spain,66,80,2000000,70,68,61,67,62,60,52,50,13
200,tiago-filipe-alves-araujo,fc-arouca,20,Portugal,66,80,2100000,68,68,63,68,87,73,58,32,6
201,andreas-schjelderup,fc-nordsjaelland,17,Norway,66,84,2100000,65,68,52,66,79,58,47,35,13
202,matias-galarza,argentinos-juniors,19,Argentina,66,82,2200000,70,70,58,67,77,52,70,53,7
203,marco-burch,fc-luzern,20,Switzerland,66,81,1900000,68,68,43,36,69,45,51,65,12
204,arda-guler,fenerbahce-sk,16,Turkey,66,86,2300000,75,68,69,73,70,60,34,38,13
205,edouard-michut,paris-saint-germain,18,France,66,82,2200000,85,68,59,71,68,58,60,55,9
206,tiago-melo-almeida,cd-tondela,19,Portugal,66,80,1900000,69,66,57,70,79,30,56,53,10
207,morgan-rogers,afc-bournemouth,18,England,66,84,2200000,73,68,62,70,76,70,43,40,7
208,henrique-pereira-araujo,sl-benfica,19,Portugal,66,81,2000000,78,68,36,60,67,74,59,21,8
209,flavio-b-j-nazinho,sporting-cp,17,Portugal,66,80,1900000,79,66,59,56,76,26,58,63,6
210,fabiano-parisi,empoli,20,Italy,66,80,2000000,72,67,70,68,67,70,60,62,11
211,luka-romero,lazio,16,Argentina,66,86,2300000,79,69,66,71,79,56,40,40,14
212,kayky-da-silva-chagas,manchester-city,18,Brazil,66,87,2700000,85,67,57,73,83,62,31,24,14
213,tommy-doyle,cardiff-city,19,England,66,80,2000000,69,68,66,64,66,67,66,59,11
214,niels-nkounkou,standard-de-liege,20,France,66,80,2000000,69,66,65,64,81,52,59,57,11
215,alex-scott,bristol-city,17,England,66,84,2100000,69,69,64,70,75,61,47,53,9
216,ramon-hendriks,feyenoord,19,Netherlands,66,80,1900000,75,68,46,52,69,47,58,65,12
217,david-larrubia-romano,malaga-cf,19,Spain,66,80,2000000,69,68,60,71,71,54,52,42,11
218,arnau-puigmal-martinez,union-deportiva-almeria,20,Spain,66,80,2100000,73,68,63,65,74,65,59,57,7
219,julen-agirrezabala,athletic-club-de-bilbao,20,Spain,66,80,1800000,79,66,16,13,28,49,24,10,62
220,joan-garcia-pons,rcd-espanyol-de-barcelona,20,Spain,66,80,1800000,77,66,13,12,45,50,24,7,65
221,lautaro-de-leon-billar,rc-celta-de-vigo,20,Uruguay,66,80,2100000,76,68,27,67,69,62,35,13,8
222,francisco-gonzalez,newells-old-boys,20,Argentina,66,81,2100000,69,67,63,72,79,67,28,25,6
223,santiago-hezze,club-atletico-huracan,19,Argentina,66,80,2000000,68,68,53,66,70,64,70,58,8
224,giorgio-scalvini,atalanta,17,Italy,66,84,2000000,80,68,34,32,55,44,67,64,6
225,stefan-baiaram,universitatea-craiova,18,Romania,66,80,2000000,68,67,62,64,85,55,52,32,9
226,raul-garcia-de-haro,real-betis-balompie,20,Spain,66,80,2100000,79,68,32,66,62,71,60,19,12
227,johan-bakayoko,psv,18,Belgium,66,84,2200000,77,68,58,70,83,62,28,23,7
228,fabio-miretti,juventus,17,Italy,65,82,1800000,82,67,61,70,64,57,67,52,11
229,jon-aramburu,deportivo-la-guaira-fc,18,Venezuela,65,80,1600000,64,65,63,63,73,47,53,65,12
230,maurits-kjaergaard,fc-red-bull-salzburg,18,Denmark,65,83,1800000,73,67,62,64,71,69,70,54,9
231,alan-virginius,fc-sochaux-montbeliard,18,France,65,82,1800000,66,66,56,68,88,59,30,25,13
232,joao-marcelo-messias-ferreira,fc-porto,21,Brazil,65,80,1700000,78,67,43,53,65,60,61,64,7
233,mohamed-taabouni,az-alkmaar,19,Netherlands,65,80,1700000,73,68,50,70,78,59,50,42,12
234,jamie-bynoe-gittens,borussia-dortmund,16,England,65,85,1900000,81,66,56,73,83,56,35,20,6
235,alexi-pitu,fc-farul-constanta,19,Romania,65,80,1700000,66,67,64,68,82,59,50,32,9
236,tiago-maria-antunes-gouveia,sl-benfica,20,Portugal,65,80,1700000,78,67,57,71,85,67,44,27,12
237,paulos-abraham,fc-groningen,18,Sweden,65,82,1800000,67,67,57,68,75,68,40,28,8
238,daniel-jebbison,sheffield-united,17,England,65,80,1600000,73,67,42,62,82,66,53,22,14
239,justin-che,tsg-hoffenheim,17,United States,65,82,1700000,77,65,60,61,74,24,61,57,7
240,gabriel-slonina,chicago-fire-football-club,17,United States,65,81,1600000,68,65,14,13,44,47,39,14,65
241,rodrigo-martins-gomes,sc-braga,17,Portugal,65,85,1900000,74,67,52,68,74,69,52,54,10
242,francisco-flores,san-lorenzo-de-almagro,19,Argentina,65,80,1600000,70,67,47,61,70,42,67,64,6
243,josh-griffiths,lincoln-city,19,England,65,80,1500000,64,65,13,13,33,47,20,10,65
244,lucas-chevalier,valenciennes-fc,19,France,65,81,1600000,67,65,12,14,40,48,23,10,66
245,benat-turrientes-imaz,real-sociedad-b,19,Spain,65,80,1700000,66,67,60,62,69,59,69,56,7
246,tomas-lemos-araujo,sl-benfica,19,Portugal,65,81,1700000,78,67,29,45,65,40,63,57,12
247,lazar-samardzic,udinese-calcio,19,Germany,65,81,1800000,74,67,52,74,71,64,44,38,11
248,bryan-okoh,fc-red-bull-salzburg,18,Switzerland,65,80,1600000,73,67,46,61,73,53,81,58,5
249,ruslan-neshcheret,dynamo-kyiv,19,Ukraine,65,80,1500000,73,65,10,11,29,50,27,8,65
250,vinicius-tobias-da-silva,real-madrid-cf,17,Brazil,65,83,1700000,84,65,58,67,75,50,42,60,7
251,marko-lazetic,ac-milan,17,Serbia,65,85,1900000,81,67,47,63,69,67,58,33,12
252,german-valera-karabinaite,real-sociedad-b,19,Spain,65,80,1700000,66,66,65,67,74,63,36,27,7
253,linus-gechter,hertha-bsc,17,Germany,65,81,1700000,74,67,40,39,64,50,55,67,14
254,daouda-guindo,fc-red-bull-salzburg,18,Mali,65,80,1600000,73,65,56,68,77,38,77,54,13
255,cristhian-mosquera-ibarguen,valencia-cf,17,Spain,65,82,1700000,77,67,39,38,66,53,66,66,8
256,ianis-stoica,fcsb-steaua,18,Romania,65,81,1800000,69,69,61,68,84,68,61,28,7
257,arvin-appiah,union-deportiva-almeria,20,England,65,80,1700000,73,67,59,72,92,61,35,29,9
258,dario-cassia-luis-essugo,sporting-cp,16,Portugal,65,83,1700000,79,66,46,65,63,58,65,65,9
259,maghnes-akliouche,as-monaco,19,France,65,80,1700000,77,67,60,68,67,55,47,42,8
260,charlie-cresswell,leeds-united,18,England,65,82,1700000,76,67,33,46,54,39,66,65,11
261,youri-regeer,ajax,17,Netherlands,65,81,1800000,79,67,49,66,72,63,62,62,13
262,caden-clark,new-york-red-bulls,18,United States,65,82,1800000,68,67,56,67,78,64,61,50,14
263,alejandro-iturbe-encabo,atletico-de-madrid,17,Spain,65,82,1600000,83,65,14,13,52,49,23,8,66
264,joan-cruz,colo-colo,18,Chile,65,80,1700000,70,67,53,67,67,55,48,28,11
265,enis-destan,trabzonspor,19,Turkey,65,80,1700000,75,67,44,60,67,73,68,40,10
266,yerson-chacon,deportivo-tachira-fc,18,Venezuela,65,82,1800000,66,66,56,70,81,55,33,28,14
267,giuliano-simeone,atletico-de-madrid,18,Argentina,65,81,1800000,83,67,35,64,75,68,70,18,8
268,matias-soule,juventus,18,Argentina,65,85,2000000,82,67,70,74,69,66,33,28,15
269,sam-greenwood,leeds-united,19,England,65,81,1900000,76,66,52,65,71,63,64,37,10
270,cedric-wilfred-teguia-noubi,rc-celta-de-vigo,19,Spain,65,80,1700000,76,66,67,60,84,76,70,52,6
271,fabian-rieder,bsc-young-boys,19,Switzerland,65,82,1800000,71,67,54,70,71,64,48,45,13
272,tiago-fontoura-f-morais,boavista-fc,17,Portugal,65,81,1800000,70,67,59,69,75,66,31,22,11
273,tim-schreiber,hallescher-fc,19,Germany,65,80,1500000,64,65,14,14,29,47,28,9,66
274,juan-sforza,newells-old-boys,19,Argentina,65,80,1700000,69,67,49,66,70,65,58,56,10
275,franco-orozco,club-atletico-lanus,19,Argentina,65,83,1800000,71,66,67,73,78,61,41,28,7
276,gabriel-martinez-aguilera,girona-fc,18,Spain,65,80,1700000,72,66,60,66,78,63,45,31,9
277,filip-stevanovic,sc-heerenveen,18,Serbia,64,81,1500000,67,65,58,68,77,67,46,31,14
278,fredrik-oppegard,psv,18,Norway,64,80,1400000,77,64,62,61,80,59,52,57,9
279,javier-serrano-martinez,atletico-de-madrid,18,Spain,64,80,1400000,83,65,47,63,74,57,71,57,9
280,alberto-moreno-rebanal,atletico-de-madrid,19,Spain,64,81,1500000,83,67,53,67,69,61,54,47,6
281,eren-dinkci,sv-werder-bremen,19,Germany,64,80,1500000,72,67,50,61,78,65,36,28,7
282,ivan-fresneda-corraliza,real-valladolid-cf,16,Spain,64,81,1400000,73,65,55,70,70,39,52,61,14
283,giorgos-koutsias,paok,17,Greece,64,81,1500000,73,66,30,63,72,61,68,18,9
284,carney-chukwuemeka,aston-villa,17,England,64,86,1800000,78,66,53,71,67,56,58,43,12
285,melayro-bogarde,fc-groningen,19,Netherlands,64,81,1400000,67,66,25,63,60,40,61,67,7
286,elliot-anderson,bristol-rovers,18,Scotland,64,81,1500000,63,66,58,68,69,67,51,46,6
287,rodrigo-duarte-ribeiro,sporting-cp,16,Portugal,64,81,1500000,79,66,37,64,69,62,30,18,13
288,charlie-patino,arsenal,17,England,64,85,1800000,80,66,51,67,71,56,63,59,14
289,gregorio-gracia-sanchez,rcd-espanyol-de-barcelona,19,Spain,64,80,1500000,77,67,50,66,75,63,63,61,12
290,giannis-konstantelias,kas-eupen,18,Greece,64,81,1500000,68,66,60,73,71,54,52,29,6
291,omari-hutchinson,arsenal,17,England,64,81,1500000,80,66,46,68,72,61,40,40,10
292,gino-infantino,rosario-central,18,Argentina,64,80,1500000,71,65,60,70,75,68,50,28,8
293,brian-oddei,us-sassuolo-calcio,18,Italy,64,81,1500000,75,64,64,74,75,65,40,31,13
294,kian-fitz-jim,ajax,17,Netherlands,64,80,1500000,79,67,59,67,70,58,48,56,10
295,fode-fofana,psv,18,Netherlands,64,83,1500000,77,66,58,63,77,66,50,19,13
296,bjorn-meijer,fc-groningen,18,Netherlands,64,80,1400000,67,65,55,49,74,31,65,65,13
297,david-datro-fofana,molde-fk,18,Côte d'Ivoire,64,82,1500000,67,66,52,68,86,63,55,20,14
298,rares-ilie,rapid-bucuresti,18,Romania,64,81,1500000,65,66,54,65,77,63,55,43,10
299,malik-tillman,fc-bayern-munchen,19,Germany,64,80,1500000,84,66,39,63,68,70,43,12,9
300,lorenzo-pirola,ac-monza,19,Italy,64,81,1400000,70,66,42,48,59,55,61,58,9
301,wilfried-gnonto,fc-zurich,17,Italy,64,83,1500000,68,66,48,68,81,65,46,26,11
302,jayden-braaf,manchester-city,18,Netherlands,64,84,1600000,85,65,59,63,81,69,59,43,8
303,alejandro-suarez-cardero,real-oviedo,17,Spain,64,81,1500000,69,69,59,72,73,62,43,44,10
304,alexis-tibidi,vfb-stuttgart,17,France,64,82,1500000,74,65,52,67,77,60,33,16,8
305,wahid-faghir,vfb-stuttgart,17,Denmark,64,84,1600000,74,66,31,63,67,68,33,15,11
306,samuele-vignato,ac-monza,17,Italy,64,83,1500000,70,68,51,71,73,54,37,38,14
307,hannibal-mejbri,manchester-united,18,Tunisia,64,84,1600000,83,67,62,67,72,54,70,50,9
308,mathys-tel,stade-rennais-fc,16,France,64,84,1600000,77,65,53,71,80,71,44,21,12
309,sang-bin-jeong,grasshopper-club-zurich,19,Korea Republic,64,80,1500000,67,67,53,68,85,60,67,23,9
310,ivan-saranic,dinamo-zagreb,18,Croatia,64,80,1500000,73,66,64,74,69,71,47,29,6
311,matias-godoy,club-atletico-talleres,19,Argentina,64,80,1500000,70,66,53,67,74,66,41,20,10
312,jneil-bennett,tottenham-hotspur,19,England,64,81,1500000,81,64,57,65,79,62,36,35,6
313,harvey-white,tottenham-hotspur,19,England,64,80,1400000,81,69,68,70,67,69,62,62,13
314,karamoko-dembele,celtic,18,England,64,80,1500000,73,65,56,69,88,66,40,15,12
315,tino-anjorin,huddersfield-town,19,England,64,80,1500000,70,66,53,66,66,70,51,39,11
316,karl-hein,reading,19,Estonia,64,80,1300000,70,64,10,10,33,42,18,9,61
317,dane-scarlett,tottenham-hotspur,17,England,64,86,1800000,81,66,43,61,74,63,57,17,12
318,igor-matanovic,fc-st-pauli,18,Germany,64,80,1500000,69,66,36,65,65,66,61,34,13
319,theo-corbeanu,milton-keynes-dons,19,Canada,64,81,1500000,65,67,61,69,77,61,40,50,7
320,amourricho-van-axel-dongen,ajax,16,Netherlands,64,84,1600000,79,65,62,67,82,60,48,29,11
321,guilherme-borges-guedes,vitoria-de-guimaraes,19,Portugal,64,80,1500000,71,66,60,66,68,52,57,54,6
322,lennard-hartjes,feyenoord,18,Netherlands,64,80,1400000,75,65,46,67,76,51,62,55,6
323,liam-delap,manchester-city,18,England,64,84,1600000,85,66,42,60,69,69,64,19,8
324,callum-doyle,sunderland,17,England,64,80,1400000,66,66,35,57,65,32,64,63,9
325,cisse-sandra,club-brugge-kv,17,Belgium,64,83,1500000,75,66,59,68,69,66,55,32,15
326,noah-mbamba,club-brugge-kv,16,Belgium,64,88,1700000,75,66,31,62,68,53,68,58,12
327,miguel-azeez,arsenal,18,England,63,82,1200000,80,66,61,67,75,65,49,42,14
328,leo-hjelde,leeds-united,17,Norway,63,82,1100000,76,65,55,57,66,29,59,63,10
329,cristian-volpato,roma,17,Italy,63,80,1200000,79,66,55,70,65,66,43,45,11
330,milos-kerkez,az-alkmaar,17,Hungary,63,83,1300000,73,63,56,62,71,41,71,57,8
331,omer-beyaz,vfb-stuttgart,17,Turkey,63,81,1200000,74,65,64,67,55,57,54,47,8
332,williot-swedberg,hammarby-if,17,Sweden,63,80,1200000,67,66,48,64,74,64,57,51,7
333,warren-bondo,as-nancy-lorraine,17,France,63,80,1200000,65,66,50,71,78,67,67,54,14
334,valentin-gomez,velez-sarsfield,18,Argentina,63,80,1100000,72,65,41,43,67,39,56,64,11
335,tom-rothe,borussia-dortmund,16,Germany,63,82,1100000,81,63,62,57,63,58,60,55,8
336,agustin-giay,san-lorenzo-de-almagro,17,Argentina,63,81,1100000,70,65,48,62,67,63,60,60,6
337,louie-barry,swindon-town,18,England,63,83,1300000,63,65,51,63,81,60,31,17,6
338,soumaila-coulibaly,borussia-dortmund,17,France,63,82,1100000,81,65,34,58,62,56,61,57,5
339,agustin-hausch,san-lorenzo-de-almagro,18,Argentina,63,80,1200000,70,63,51,66,83,57,49,30,7
340,alejandro-garnacho-ferreyra,manchester-united,17,Argentina,63,84,1500000,83,64,61,62,83,57,46,18,6
341,felix-lemarechal,as-monaco,17,France,63,80,1200000,77,65,53,63,66,61,66,55,14
342,miguel-rodriguez-vidal,rc-celta-de-vigo,18,Spain,63,80,1200000,76,64,60,68,67,61,51,45,7
343,javier-llabres-exposito,rcd-mallorca,19,Spain,63,81,1200000,74,64,55,66,79,57,31,28,15
344,renne-rivas,caracas-futbol-club,18,Venezuela,63,81,1200000,65,64,60,67,70,45,46,60,12
345,harvey-vale,chelsea,17,England,63,83,1300000,84,64,58,65,77,54,42,44,12
346,julio-cesar-enciso,club-libertad,17,Paraguay,63,83,1300000,73,65,61,72,77,70,35,28,10
347,antonio-nusa,club-brugge-kv,16,Norway,63,83,1300000,75,63,54,75,81,68,37,37,12
348,calvin-ramsay,aberdeen,17,Scotland,63,80,1100000,66,64,66,63,72,66,64,56,13
349,jay-stansfield,fulham,18,England,63,82,1200000,74,65,38,61,76,62,40,22,6
350,anselmo-garcia-macnulty,vfl-wolfsburg,18,Republic of Ireland,63,81,1100000,77,65,31,38,63,48,61,60,9
351,iker-bravo-solanilla,bayer-04-leverkusen,16,Spain,63,83,1300000,79,65,42,61,68,63,45,20,6
352,herculano-bucancil-nabian,vitoria-de-guimaraes,17,Portugal,63,81,1200000,71,65,48,60,83,73,44,23,6
353,moustapha-cisse,atalanta,17,Guinea,63,80,1200000,80,65,45,63,78,62,37,18,8
354,lewis-bate,leeds-united,18,England,63,83,1300000,76,66,55,63,72,57,60,56,10
355,piotr-starzynski,wisla-krakow,17,Poland,62,80,1000000,65,63,60,62,83,58,39,24,13
356,bright-akwo-arrey-mbi,1-fc-koln,18,Germany,62,82,1000000,75,64,35,50,67,38,64,58,13
357,samuel-edozie,manchester-city,18,England,62,82,1100000,85,63,61,67,84,59,38,22,13
358,el-chadaille-bitshiabu,paris-saint-germain,16,France,62,80,925000,85,64,45,51,39,73,60,59,10
359,ernest-poku,az-alkmaar,17,Netherlands,62,82,1100000,73,62,52,65,91,52,32,24,8
360,bartug-elmaz,galatasaray-sk,18,Turkey,62,81,950000,74,64,42,62,61,64,66,56,12
361,brahim-traore,stade-malherbe-caen,17,France,62,80,925000,68,64,27,32,64,37,58,62,8
362,shola-shoretire,manchester-united,17,England,62,84,1200000,83,64,52,64,70,58,62,33,7
363,ruben-iranzo-lendinez,valencia-cf,18,Spain,62,80,950000,77,64,44,38,59,53,69,57,8
364,pierre-dwomoh,royal-antwerp-fc,17,Belgium,62,85,1200000,72,64,56,73,74,48,71,31,7
365,odin-thiago-holm,valerenga-fotball,18,Norway,62,80,1000000,66,65,51,65,72,52,45,41,14
366,joao-grimaldo,club-sporting-cristal,18,Peru,62,81,1000000,68,64,55,63,71,66,45,44,10
367,raul-moro-prescoli,lazio,18,Spain,62,80,1000000,79,64,51,69,74,53,40,30,7
368,sidney-raebiger,rb-leipzig,16,Germany,62,85,1200000,80,65,58,64,71,60,56,55,7
369,nene-dorgeles,sv-ried,18,Mali,62,81,1000000,64,64,42,68,82,67,42,35,6
370,mohamed-sankoh,vfb-stuttgart,17,Netherlands,62,81,1000000,74,64,41,63,76,59,25,17,10
371,zidan-sertdemir,bayer-04-leverkusen,16,Denmark,62,85,1200000,79,66,49,69,69,58,45,45,6
372,james-mcatee,manchester-city,18,England,62,82,1100000,85,64,51,69,56,62,43,44,12
373,nathan-wood,middlesbrough,19,England,62,80,975000,70,64,30,40,71,36,60,64,14
374,romeo-lavia,manchester-city,17,Belgium,62,85,1200000,85,64,40,55,56,55,66,60,7
375,dimitrios-keramitsis,roma,17,Greece,62,80,925000,79,64,37,32,55,42,59,59,7
376,bradley-fink,borussia-dortmund-ii,18,Switzerland,62,80,1000000,63,64,31,57,68,63,53,28,10
377,antoni-djibu-milambo,feyenoord,16,Netherlands,62,80,1000000,75,64,56,69,70,60,44,41,15
378,renzo-sanchez,club-nacional-de-football,17,Uruguay,62,80,1000000,70,64,63,62,77,60,30,35,13
379,pelayo-gonzalez-rey,real-oviedo,16,Spain,62,81,1000000,69,65,42,60,66,60,69,54,9
380,luke-mbete,manchester-city,17,England,62,82,1000000,85,64,36,56,62,49,66,61,6
381,esey-gebreyesus,olympique-de-marseille,17,Switzerland,61,82,1000000,78,62,60,74,72,56,27,27,13
382,salah-eddine-oulad-mhand,arsenal,17,Netherlands,61,80,825000,80,63,58,62,72,59,40,40,14
383,kaide-gordon,liverpool,16,England,61,84,1000000,85,62,53,64,77,55,38,22,13
384,takuhiro-nakai,real-madrid-cf,17,Japan,61,83,1000000,84,63,42,70,53,53,37,31,9
385,pablo-felipe-pereira-de-jesus,futebol-clube-de-famalicao,17,Brazil,61,81,900000,70,63,42,54,69,57,39,18,14
386,jacopo-fazzini,empoli,18,Italy,61,81,900000,72,63,52,65,65,69,64,54,9
387,tim-iroegbunam,aston-villa,18,England,61,81,850000,78,62,51,59,64,68,62,58,13
388,gabriel-veiga-novas,rc-celta-de-vigo,19,Spain,61,81,925000,76,64,37,65,69,67,43,34,13
389,siebe-wylin,kv-oostende,18,Belgium,61,82,1000000,69,61,59,57,76,42,57,54,10
390,ignacio-daniel-maestro-puch,atletico-tucuman,17,Argentina,61,80,825000,69,63,37,56,65,64,46,13,6
391,sean-mcgurk,leeds-united,18,England,61,80,825000,76,63,54,59,73,59,43,41,5
392,tyler-onyango,everton,18,England,60,80,675000,78,62,45,58,63,63,69,44,15
393,filippo-missori,roma,17,Italy,60,81,750000,79,60,59,63,62,33,54,52,11
394,mario-stroeykens,rsc-anderlecht,16,Belgium,60,82,775000,72,62,46,68,68,58,21,18,7
395,santiago-castro,velez-sarsfield,16,Argentina,60,80,675000,72,62,33,62,63,55,55,22,14
396,alberto-vaquero-aguilar,real-zaragoza,17,Spain,60,81,775000,70,63,52,62,66,62,48,46,8
397,kwadwo-baah,watford,18,Germany,60,80,675000,74,61,49,62,87,64,50,30,10
398,rav-van-den-berg,pec-zwolle,16,Netherlands,60,81,725000,66,62,30,55,57,47,53,55,13
399,antonio-foti,eintracht-frankfurt,17,Cyprus,60,80,675000,77,64,49,64,69,60,52,49,15
400,tommaso-de-nipoti,atalanta,17,Italy,60,80,675000,80,61,50,70,65,55,39,22,12
401,josh-brooking,chelsea,18,England,60,80,650000,84,62,39,39,63,47,57,55,8
402,alfie-devine,tottenham-hotspur,16,England,60,85,775000,81,62,46,62,62,65,61,45,8
403,nnamdi-collins,borussia-dortmund,17,Germany,60,82,725000,81,62,44,44,83,33,56,53,12
404,cem-ali-dogan,dsc-arminia-bielefeld,16,Turkey,59,82,700000,72,61,42,52,56,62,31,22,11
405,mateo-sanabria,club-atletico-lanus,17,Argentina,59,80,700000,71,60,62,70,67,40,32,25,7
406,abdoulaye-kamara,borussia-dortmund,16,Guinea,59,82,700000,81,62,47,67,66,58,56,49,6
407,jahkeele-marshall-rutty,toronto-fc,17,Canada,59,80,675000,66,63,54,68,86,55,34,53,13
408,lewis-hall,chelsea,16,England,59,80,700000,84,63,60,61,73,53,60,59,14
409,cristian-riquelme,cd-everton-de-vina-del-mar,17,Chile,59,82,675000,69,59,54,54,73,21,53,61,8
410,arnaud-dony,sint-truidense-vv,17,Belgium,59,82,675000,68,60,58,59,76,32,60,51,10
411,evan-ferguson,brighton-hove-albion,16,Republic of Ireland,58,80,650000,76,60,40,57,70,56,45,14,9
412,ben-chrisene,aston-villa,17,England,58,81,625000,78,61,61,73,74,48,45,54,5
413,amar-ahmed-fatah,aik,17,Sweden,58,80,650000,68,59,53,62,70,54,35,23,6
414,kervin-andrade,deportivo-la-guaira-fc,16,Venezuela,58,80,650000,64,60,48,62,81,55,42,55,8
415,enrique-herrero-garcia,eintracht-frankfurt,16,Spain,57,80,525000,77,59,41,59,64,61,34,14,12
416,peder-hoel-lervik,molde-fk,16,Norway,56,81,400000,67,56,14,13,40,47,23,13,61
417,joshua-feeney,aston-villa,16,England,55,81,475000,78,57,37,32,55,47,51,50,11
